,Expected_Return,Dividend_Yield,Volatility,Sharpe_Ratio,CVaR_95,Assets_Included,Pareto_Solutions
Aggressive Growth,0.23588058044388702,0.026061285277717162,0.06847173902175799,3.1528420853352,0.4651568932930713,28.0,100.0
Moderate Balanced,0.12319713127205092,0.03500079574685494,0.11741142103846823,0.8789360554476195,0.15773031755253591,22.0,100.0
Conservative Income,0.09801710234760837,0.03427902609556996,0.11232173879776164,0.6945859562242024,0.18526314853541712,14.0,100.0
